id_item,learning_area,type_item,bloom_taxonomy,theo_diff,stimulus_text,stimulus_image,answeroption_01,answeroption_02,answeroption_03,answeroption_04,answeroption_05,answeroption_06,answer_correct,type_stimulus,type_answer,if_answeroption_01,if_answeroption_02,if_answeroption_03,if_answeroption_04,if_answeroption_05,if_answeroption_06
1,Deskriptivstatistik,content,application,easy,"Eine Gymnasiallehrerin ist besorgt darüber, ob ihre Schüler*innern genug Schlaf bekommen. Sie bat deswegen alle Schüler*innen, die Anzahl der in der letzten Nacht geschlafenen Stunden anzugeben. Die Ergebnisse sind im Folgenden grafisch dargestellt.",www/reali_item01_stimulus.png,"Die Werte gehen von 3 bis 10, wobei sie bis 7 ansteigen und dann bis 10 abfallen. Die meisten Werte liegen bei 7. Zwischen den Werten 3 und 5 gibt es eine Lücke.","Die Verteilung ist normal, mit einem Mittelwert von etwa 7 und einer Standardabweichung von etwa 1.","Viele Schüler scheinen nachts 7 Stunden Schlaf zu bekommen, einige Schüler haben jedoch mehr und andere weniger geschlafen. Ein Schüler muss jedoch sehr lange aufgeblieben sein und hat nur sehr wenige Stunden Schlaf bekommen.","Die Verteilung der Schlafstunden ist einigermaßen normal, mit einem Ausreißer bei 3. Die typische Schlafdauer beträgt etwa 7 Stunden und die Standardabweichung liegt bei 1 Stunde.",NA,Frage überspringen.,4,image,text,"Falsch. Auch wenn die Beschreibung als solches richtig ist, verwendet sie rein umgangssprachliche Beschreibungen und nicht die gewünschte ""angemessene statistische Terminologie"". Auch fehlt die Einordnung in den Kontext.","Falsch. Während diese Beschreibung zwar die gewünschte ""angemessene statistische Terminologie"" beinhaltet, fehlt leider die Einordnung in den Kontext. Hier hören wir alle Mathelehrer*innen im Chor: ""Sieben was? Sieben Fußballfelder? Sieben Wassermelonen?"".","Falsch. Korrekte Beschreibung und Interpretation, aber es fehlt die gewünschte ""angemessene statistische Terminologie"".","Richtig! Die Daten werden in den eigentlichen Kontext der Erhebung gerückt und statistisch beschrieben, wie gewünscht.",NA,Alles klar! Du hast die Aufgabe übersprungen.
2,Deskriptivstatistik,content,comprehension,easy,"Abbildung A zeigt die Gewichte für eine Stichprobe von 26 Kieselsteinen, die jeweils auf das nächste Gramm genau gewogen wurden. Abbildung B zeigt die Mittelwerte der Gewichte für 39 Zufallsstichproben von je 3 Kieselsteinen, wobei alle Mittelwerte auf das nächste Gramm gerundet sind. In jeder Verteilung ist ein Wert eingekreist. Gibt es einen Unterschied zwischen dem eingekreisten Punkt in Abbildung A und dem eingekreisten Punkt in Abbildung B? Bitte wählen Sie die beste Antwort aus der folgenden Liste aus.",www/reali_item02_stimulus.png,"Nein, sowohl in Abbildung A als auch in Abbildung B steht der eingekreiste Punkt für dasselbe Maß, nämlich für ein Gewicht von 6 Gramm.","Ja, in Abbildung A gibt es nur vier Punkte mit einem Gewicht von 6, aber in Abbildung B gibt es neun Punkte mit einem Gewicht von 6.","Ja, der eingekreiste Punkt in Abbildung A ist das Gewicht eines einzelnen Kieselsteins, während der eingekreiste Punkt in Abbildung B das durchschnittliche Gewicht von 3 Kieselsteinen darstellt.",NA,NA,Frage überspringen.,3,image,text,"Falsch. Diese Antwort ist inkorrekt, da in Abbildung A der eingekreiste Punkt das exakte Gewicht eines einzelnen Kieselsteins darstellt, wohingegen in Abbildung B der eingekreiste Punkt das durchschnittliche Gewicht eines Kieselsteins berechnet auf 3 Kieselsteinen repräsentiert.","Falsch. Dies ist für die Bedeutung des eingekreisten Punktes irrelevant, weshalb diese Antwort falsch ist. Der Unterschied in den beiden Abbildungen liegt in der Bedeutung bzw. dem Ursprung eines Punktes sozusagen. Während in Abbildung A das exakte Gewicht eines Kieselsteins einen Punkt erzeugt, ist es in Abbildung B das gerundete, durchschnittliche Gewicht von 3 Kieselsteinen.","Richtig! Der Unterschied in den beiden Abbildungen liegt in der Bedeutung bzw. dem Ursprung eines Punktes sozusagen. Während in Abbildung A das exakte Gewicht eines Kieselsteins einen Punkt erzeugt, ist es in Abbildung B das gerundete, durchschnittliche Gewicht von 3 Kieselsteinen.",NA,NA,Alles klar! Du hast die Aufgabe übersprungen.
3,Deskriptivstatistik,content,application,easy,"Eine Lehrkraft erfasst die Zeit, die ihre Schüler*innen für eine bestimmte Prüfung benötigt haben (in Minuten). Diese Zeiten sind in der folgenden Tabelle aufgeführt (siehe unten). Jedes der folgenden Diagramme stellt eine valide Darstellung der für die Bearbeitung der Prüfung benötigten Zeit dar. Welches der Diagramme ist die geeignetste Darstellung der Verteilung der Zeiten, insofern als das Diagramm der Lehrkraft ermöglicht, die Form der Verteilung, das Zentrum und die Variabilität der Bearbeitungszeiten zu beschreiben?",www/reali_item03_stimulus.png,www/reali_item03_answeropt1.png,www/reali_item03_answeropt2.png,www/reali_item03_answeropt3.png,www/reali_item03_answeropt4.png,NA,www/skip.png,3,image,image,"Falsch. Diese Abbildung zeigt die Schüler*innen zufällig verteilt auf der Y-Achse und die Prüfungsminuten auf der X-Achse. Besser wäre es gewesen, die Minuten auf der Y-Achse und die Anzahl der Schüler*innen auf der X-Achse darzustellen, die diese Zeit benötigt haben. Bei einer solchen Abbildung handelt es sich um ein Histogramm, welches trotz der gröberen Kategorisierung die besten Aussagen über die Verteilung der Bearbeitungszeiten unter den Schüler*innen zulässt.","Falsch. Auch wenn es auf den ersten Blick so wirkt, als ob die Prüfungszeiten der Schüler*innen normalverteilt wären, ist dies ein Trugschluss. Normalverteilung der Daten bedeutet, dass extremere Prüfungszeiten, wie sehr kurz oder sehr lang eher selten auftreten und die meisten Schüler*innen eine mittlere Prüfungszeit benötigen, die dann zu der klassischen Glockenform führt. Dies ist hier so aber nicht der Fall, denn die Person mit der längsten Prüfungszeit, die in einer Normalverteilung am äußeren Rand zu finden wäre, hier mit 34.1 Minuten in die Mitte gesetzt wurde. Dies war möglich, weil es sich bei den Codes der Schüler*innen um nominalskalierte Variablen handelt, die beliebig sortiert werden können.","Korrekt! Die Prüfungsminuten sind auf der X-Achse und auf der Y-Achse sind die Häufigkeiten abgebildet, also wie viele Schüler*innen diese Zeit an Minuten benötigt haben. Aus der Abbildung geht hervor, dass es sich um eine bimodale Verteilung handelt. Bei einer solchen Abbildung handelt es sich um ein Histogramm, welches trotz der gröberen Kategorisierung die besten Aussagen über die Verteilung der Bearbeitungszeiten unter den Schüler*innen zulässt.","Falsch. Auch wenn durch die aufsteigende Darstellung der Prüfungszeit über Schüler*innen hinweg man den Median ablesen könnte, kann nicht direkt die Form der Verteilung ablesen.",NA,Alles klar! Du hast die Aufgabe übersprungen.
4,Deskriptivstatistik,content,application,easy,"Eine Dozentin gab den Studierenden eine Umfrage zur Einführung in die Statistik. Eine der Fragen lautete: ""Bewerten Sie Ihre Zuversicht, dass Sie in diesem Kurs erfolgreich sein werden, auf einer Skala von 1 bis 10"", wobei 1 = geringste Zuversicht und 10 = höchste Zuversicht. Nach der Auswertung der Antworten der Studierenden interpretierte die Dozentin die Daten wie folgt: ""Die Mehrheit der Studierenden in der Vorlesung glaubt nicht, dass sie in Statistik erfolgreich sein werden, obwohl einige wenige zuversichtlich sind, es zu schaffen."" Die Dozentin bat zwei ihrer Studierenden, eine grafische Darstellung der Daten auf der Grundlage ihrer obigen Interpretation zu erstellen. Beth erstellte einen Dotplot und Allan einen Boxplot. Welches Dotplot/Boxplot-Paar entspricht am ehesten der Beschreibung der Dozentin?",NA,www/reali_item04_answeropt1.png,www/reali_item04_answeropt2.png,www/reali_item04_answeropt3.png,www/reali_item04_answeropt4.png,NA,www/skip.png,4,text,image,"Falsch. Hier haben sowohl Beth als auch Allen fälschlicherweise Daten dargestellt, in denen die Studierenden eine hohe Zuversicht haben, in Statistik erfolgreich zu sein.","Falsch. Während Beth Daten dargestellt hat, in denen die Studierenden wenig Zuversicht haben, hat Allen fälschlicherweise Daten dargestellt, in denen die Studierenden viel Zuversicht haben.","Falsch. Während Beth flälchlicherweise Daten dargestellt hat, in denen die Studierenden viel Zuversicht haben, hat Allen Daten dargestellt, in denen die Studierenden wenig Zuversicht haben.","Richtig! Sowohl Beth als auch Allen haben Daten dargestellt, in denen die Studierenden wenig Zuversicht haben.",NA,Alles klar! Du hast die Aufgabe übersprungen.
5,Deskriptivstatistik,content,application,easy,Welches der folgenden Intervalle enthält am ehesten den Mittelwert der folgenden Verteilung?,www/reali_item05_stimulus.png,4 bis 6,7 bis 9,10 bis 12,NA,NA,Frage überspringen.,2,image,text,"Falsch. Wir haben Werte auf einer Skala von 0 bis 12 vorliegen, der Mittelwert dieser Skala liegt bei 6. Dies bedeutet, wären alle Werte gleich (uniform) verteilt, läge der Mittelwert bei 6. Damit der Mittelwert zwischen 4 und 6 liegt, müsste die Verteilung linkssteil/rechtsschief sein, also mehr Daten in der unteren Hälfte. Das Gegenteil ist jedoch der Fall. Daher liegt der Mittelwert höher als 6.","Richtig! Wir haben es mit einer rechtssteilen/linksschiefen Verteilung zu tun, bei der der Mittelwert unterhalb des Modus liegt. Den Modus können wir ablesen, mit ca. 9,5. Daher muss der Mittelwert richtigerweise darunter liegen.","Falsch. Wir haben es mit einer rechtssteilen/linksschiefen Verteilung zu tun, bei der der Mittelwert unterhalb des Modus liegt. Den Modus können wir ablesen, mit ca. 9,5. Daher muss der Mittelwert darunter liegen und kann nicht darüber zwischen 10 und 12 liegen.",NA,NA,Alles klar! Du hast die Aufgabe übersprungen.
6,Deskriptivstatistik,content,comprehension,medium,Laut einer bundesweiten Umfrage unter Hundehalter:innen belaufen sich die durchschnittlichen Kosten für die Anschaffung eines großen Hundes im ersten Jahr auf 1.700 €. Welche der folgenden Aussagen ist die beste Interpretation des Mittelwerts?,NA,Für alle Hundehalter:innen in dieser Stichprobe liegen die durchschnittlichen Kosten für den Besitz eines großen Hundes im ersten Jahr bei 1.700 €.,Für alle Hundehalter:innen in der Grundgesamtheit liegen die durchschnittlichen Kosten für einen großen Hund im ersten Jahr bei 1.700 €.,Von allen Hundehalter:innen in dieser Stichprobe lag etwa die Hälfte über 1.700 € und etwa die Hälfte unter 1.700 €.,Für die meisten Hundehalter:innen liegen die Kosten für die Anschaffung eines großen Hundes im ersten Jahr bei 1.700 €.,NA,Frage überspringen.,1,text,text,Richtig!,"Falsch. Aus der Beschreibung geht weder hervor, dass die Grundgesamtheit komplett befragt wurde, noch dass der Mittelwert der Grundgesamtheit geschätzt wurde.","Falsch. Dies träfe zu, wenn 1.700 Euro der Median wäre, es ist aber der Mittelwert.","Falsch. Dies träfe zu, wenn 1.700 der Modus wäre, es ist aber der Mittelwert.",NA,Alles klar! Du hast die Aufgabe übersprungen.
7,Deskriptivstatistik,content,comprehension,medium,"Im Jahr 2011 wurde berichtet, dass der Mittelwert des Immobilienpreises in den Hamptons (New York) innerhalb eines Jahres um 20% gestiegen ist, während der Median des Immobilienpreises im selben Jahr um 2% gesunken ist. Welche der folgenden Erklärungen ist die beste für dieses Phänomen?",NA,"Der Preis der meisten Häuser in den Hamptons sank, und in diesem Jahr wurden mehr Häuser in den Hamptons verkauft.","Den Berichterstattern ist bei der Darstellung der Ergebnisse ein Fehler unterlaufen; wenn der Mittelwert der Hauspreise steigt, muss auch der Median der Hauspreise steigen.","Die meisten Häuser in den Hamptons sind im Preis gesunken, und bei einer kleinen Anzahl von Häusern ist der Preis stark gestiegen.",NA,NA,Frage überspringen.,3,text,text,"Falsch. Nach dieser Erklärung hätte auch der Mittelwert sinken müssen. Der Mittelwert stieg aber und somit muss es auch Hauspreise gegeben haben, die gestiegen sind. Darauf wird in dieser Erklärung nicht eingegangen.","Falsch. Auch wenn Mittelwert und Median artverwandt sind, so gibt es keine absoluten Abhängigkeiten zwischen ihnen, wie in dieser Erklärung formuliert. Diese Erklärung beinhaltet somit *Fake News*.","Richtig! Dieses Beispiel verdeutlicht, wie anfällig der Mittelwert für Ausreißer ist.",NA,NA,Alles klar! Du hast die Aufgabe übersprungen.
8,Deskriptivstatistik,content,comprehension,medium,"In einer Studie wurde die Länge einer bestimmten Fischart aus einem See untersucht. Eine Zufallsstichprobe von 1000 Fischen verzeichnete einen Mittelwert von 52,2 mm und einen Median von 57,4 mm. Welches der folgenden Histogramme repräsentiert am ehesten die Daten aus dieser Studie?",NA,www/reali_item08_answeropt1.png,www/reali_item08_answeropt2.png,www/reali_item08_answeropt3.png,NA,NA,www/skip.png,3,text,image,"Falsch. Der Mittelwert ist kleiner als der Median, was auf eine linksschiefe/rechtssteile Verteilung hindeutet. In dieser Abbildung ist es umgekehrt, der Mittelwert ist größer als der Median.","Falsch. Der Mittelwert ist kleiner als der Median, was auf eine linksschiefe/rechtssteile Verteilung hindeutet. Hier sind die Daten ansatzweise normalverteilt, wodurch Mittelwert und Median vergleichbar sind.","Richtig! Der Mittelwert ist kleiner als der Median, was auf eine linkssteile/rechtsschiefe Verteilung hindeutet, wie sie auch in dieser Abbildung zu finden ist.",NA,NA,Alles klar! Du hast die Aufgabe übersprungen.
9,Deskriptivstatistik,content,knowledge,easy,Dreißig Studierende im Fach Statistik nahmen an einem Quiz mit insgesamt 30 Punkten teil. Die Standardabweichung der Quizergebnisse betrug 1 Punkt. Welche der folgenden Aussagen ist die geeignetste Interpretation dieser Standardabweichung?,NA,Alle Einzelwertungen liegen einen Punkt auseinander.,Die Differenz zwischen der höchsten und der niedrigsten Punktzahl beträgt 1 Punkt.,Die Differenz zwischen dem oberen und dem unteren Quartil beträgt 1 Punkt.,Ein typischer Abstand einer Punktzahl vom Mittelwert ist 1 Punkt.,NA,Frage überspringen.,4,text,text,Falsch. Diese Information lässt sich aus der Standardabweichung nicht direkt ablesen.,"Falsch. Dies ist der Bereich, in dem die Daten aufgetreten sind.",Falsch. Dies wäre der Interquartilsbereich.,Richtig!,NA,Alles klar! Du hast die Aufgabe übersprungen.
10,Deskriptivstatistik,content,knowledge,easy,"Ein Dozent stellt einen Test mit 15 Fragen. Für jede Frage erhalten die Studierenden einen Punkt für eine richtige Antwort; 0 Punkte für keine Antwort; und verlieren einen Punkt für eine falsche Antwort. Die Gesamtpunktzahl des Tests kann zwischen -15 Punkten und +15 Punkten liegen. Der Dozent berechnet die Standardabweichung der Testergebnisse auf -2,30. Was können man daraus schließen?",NA,Die Standardabweichung wurde falsch berechnet.,Die meisten Schüler:innen haben negative Werte erhalten.,Die meisten Schüler:innen haben weniger als den Mittelwert erreicht.,Keine der oben genannten Möglichkeiten.,NA,Frage überspringen.,1,text,text,Richtig! Eine Standardabweichung kann nicht negativ sein.,"Falsch. Selbst wenn, eine Standardabweichung kann nicht negativ sein.","Falsch. Selbst wenn, eine Standardabweichung kann nicht negativ sein.",Falsch. Eine Standardabweichung kann nicht negativ sein.,NA,Alles klar! Du hast die Aufgabe übersprungen.
11,Deskriptivstatistik,content,application,medium,"Jean wohnt etwa 10 Meilen von der Hochschule entfernt, an der sie einen 10-wöchigen Sommerkurs besuchen möchte. Es gibt zwei Hauptrouten, die sie zur Hochschule nehmen kann, eine durch die Stadt und eine durch das Land. Die Stadtroute ist kürzer, hat aber mehr Ampeln. Die Landroute ist länger, hat aber nur wenige Stoppschilder und Ampeln. Jean führt ein Zufallsexperiment durch, bei dem sie jeden Tag eine Münze wirft, um zu entscheiden, welche Route sie an diesem Tag nehmen wird. Sie zeichnet die folgenden Pendelzeiten in Minuten für 5 Reisetage auf jeder Strecke auf (siehe unten). Für Jean ist es wichtig, pünktlich zum Kurs zu erscheinen, aber sie möchte nicht zu früh ankommen, weil sich dann die Parkgebühren erhöhen würden. Welchen Weg würden Sie ihr auf der Grundlage der gesammelten Daten empfehlen?",www/reali_item11_stimulus.png,Die Stadtroute.,Die Landroute.,Keine der beiden Routen ist besser als die andere.,NA,NA,Frage überspringen.,2,image,text,"Falsch. Die Stadtroute weist eine höhere Variabilität auf. Um ihrem Anspruch, pünktlich zu kommen, gerecht zu werden, müsste Jean zur Sicherheit früher losfahren. Wenn sie dann aber schneller als geplant durchkommt, hat sie wiederum höhere Parkkosten.","Richtig! Die Landroute weist eine geringere Variabilität auf. Dadurch kann Jean gezielt planen, wie lange sie braucht, um pünktlich anzukommen und nicht zu früh da zu sein.","Falsch. Die Landroute weist eine geringere Variabilität auf. Dadurch kann Jean gezielt planen, wie lange sie braucht, um pünktlich anzukommen und nicht zu früh da zu sein.",NA,NA,Alles klar! Du hast die Aufgabe übersprungen.
12,Deskriptivstatistik,content,application,medium,"Bestimmen Sie, welche Verteilung die größere Standardabweichung aufweist.",www/reali_item12_stimulus.png,A hat eine größere Standardabweichung als B.,B hat eine größere Standardabweichung als A.,Beide Verteilungen haben dieselbe Standardabweichung.,NA,NA,Frage überspringen.,1,image,text,"Richtig! Je enger die einzelnen Datenpunkte um den Mittelwert liegen, desto geringer ist auch die Streuung, die hier als Standardabweichung berechnet wird. Dadurch, dass in A überall gleich viele Datenpunkte liegen, ist die Streuung hier höher als im Vergleich zu B, wo mehr Datenpunkte gesammelt um den Mittelwert liegen und somit weniger stark streuen.","Falsch. Die Standardabweichung ist ein Maß für die Breite der Streuung. In B befinden sich mehr Punkte am und um den Mittelwert herum und zunehmend weniger an den Rändern im Vergleich zu A. Dies bedeutet, dass die Streuung in B kleiner ist als in A. Somit ist auch die Standardabweichung als Maß der Streuung in A größer als in B.","Falsch. Die Standardabweichung ist ein Maß für die Breite der Streuung. In B befinden sich mehr Punkte am und um den Mittelwert herum und zunehmend weniger an den Rändern im Vergleich zu A. Dies bedeutet, dass die Streuung in B kleiner ist als in A. Somit ist auch die Standardabweichung als Maß der Streuung in A größer als in B.",NA,NA,Alles klar! Du hast die Aufgabe übersprungen.
19,Grundlagen der Inferenzstatistik,content,application,easy,"Ein Forscher möchte die folgende Forschungsfrage beantworten: Sehen Patienten mit einer Schlafapnoe attraktiver aus, wenn sie eine neue Behandlung (kontinuierliche positive Atemwegsdrucktherapie) erhalten haben? Zwanzig Patienten mit Schlafapnoe wurden mit der neuen Behandlung behandelt. Von den Patienten wurden Fotos vor der Behandlung und zwei Monate nach der Behandlung gemacht. Ein unabhängiger Bewerter bekam die Vorher- und Nachher-Bilder jedes Patienten in zufälliger Reihenfolge gezeigt und wurde gebeten, zu bestimmen, auf welchem Bild der Patient attraktiver aussah. Siebzig Prozent (70 %) der Patienten wurden auf dem Nachher-Bild als attraktiver eingestuft. Muss ein Hypothesentest durchgeführt werden, um festzustellen, ob die Behandlung wirksam ist, oder kann der Forscher einfach die statistische Stichprobe (70 %) als Beweis für die Wirksamkeit verwenden?",NA,"Der Forscher braucht keinen Hypothesentest durchzuführen, weil 70% viel größer als 50% ist; daher ist das Ergebnis nicht zufällig.","Der Forscher sollte einen Hypothesentest durchführen, weil ein Hypothesentest immer angemessen ist.","Der Forscher sollte einen Hypothesentest durchführen, um festzustellen, ob das statistische Ergebnis der Stichprobe wahrscheinlich nicht zufällig zustande gekommen ist.",NA,NA,Frage überspringen.,3,text,text,"Falsch. Deskriptive Werte allein können keine Auskunft darüber geben, ob ein Ergebnis zufällig zustande kam oder nicht. Hier ist ein Hypothesentest in der Tat angemessen.","Falsch. Ein Hypothesentest ist nur dann angemessen, wenn auch eine Hypothese beantwortet werden soll.","Richtig! Deskriptive Werte allein können keine Auskunft darüber geben, ob ein Ergebnis zufällig zustande kam oder nicht. Hier ist ein Hypothesentest in der Tat angemessen.",NA,NA,Alles klar! Du hast die Aufgabe übersprungen.
20,Grundlagen der Inferenzstatistik,content,comprehension,medium,"Einhundert Sportstudierende nahmen an einem Sommercamp teil, um für ein bestimmtes Leichtathletikrennen zu trainieren. Alle 100 Schüler-Athleten absolvierten das gleiche Trainingsprogramm zur Vorbereitung auf einen Wettkampf am Ende des Camps. Fünfzig der Schüler wurden nach dem Zufallsprinzip ausgewählt, um zusätzlich zu ihrem normalen Training an einem Krafttrainingsprogramm teilzunehmen (die Trainingsgruppe). Die anderen 50 Schüler nahmen nicht an dem zusätzlichen Krafttrainingsprogramm teil (die Nicht-Trainingsgruppe). Am Ende des Sommerlagers liefen alle 100 Schüler das gleiche Rennen und ihre individuellen Zeiten (in Sekunden) wurden aufgezeichnet.

Die durchschnittliche Geschwindigkeit der trainierten Gruppe betrug 44 Sekunden, die der nicht trainierten Gruppe 66 Sekunden. Die Standardabweichung für die nicht trainierende Gruppe betrug 20 Sekunden. Betrachten Sie die folgenden möglichen Werte für die Standardabweichung der Trainingsgruppe. Welcher dieser Werte würde den stärksten Hinweis auf einen Unterschied in den Mittelwerten zwischen den beiden Gruppen liefern?",NA,10 Sekunden,20 Sekunden,30 Sekunden,NA,NA,Frage überspringen.,1,text,text,"Richtig! Je geringer die Standardabweichung (und somit die Streuung der Daten), desto präziser die Messung des Effekts, desto größer die Teststatistik. In anderen Worten, je größer die Streuung, desto weiter fallen die Datenpunkte um den Mittelwert herum und der wahre Wert könnte in einem größeren Bereich wahrscheinlich sein, was zu einer Reduktion der Teststatistik des Gruppenunterschieds führt.","Falsch. Je geringer die Standardabweichung (und somit die Streuung der Daten), desto präziser die Messung des Effekts, desto größer die Teststatistik. In anderen Worten, je größer die Streuung, desto weiter fallen die Datenpunkte um den Mittelwert herum und der wahre Wert könnte in einem größeren Bereich wahrscheinlich sein, was zu einer Reduktion der Teststatistik des Gruppenunterschieds führt.","Falsch. Je geringer die Standardabweichung (und somit die Streuung der Daten), desto präziser die Messung des Effekts, desto größer die Teststatistik. In anderen Worten, je größer die Streuung, desto weiter fallen die Datenpunkte um den Mittelwert herum und der wahre Wert könnte in einem größeren Bereich wahrscheinlich sein, was zu einer Reduktion der Teststatistik des Gruppenunterschieds führt.",NA,NA,Alles klar! Du hast die Aufgabe übersprungen.
21,Grundlagen der Inferenzstatistik,content,knowledge,easy,"Die Amherst H. Wilder Stiftung führt Umfragen unter Obdachlosen in Minnesota durch. In ihrer 2012 durchgeführten Umfrage unter 4 465 obdachlosen Erwachsenen lautete eine Frage: ""Wie viele Nächte haben Sie in den letzten 30 Nächten im Freien, in einem Fahrzeug, in einem leerstehenden Gebäude oder an einem anderen Ort verbracht, der nicht als Wohnung vorgesehen ist?"" 

Eine Forschungsfrage, die von den Gutachter:innen der Stiftung gestellt wurde, lautete: ""Gibt es einen Unterschied zwischen Männern und Frauen in Bezug auf die durchschnittliche Anzahl der Nächte, die an einem nicht für Wohnzwecke vorgesehenen Ort verbracht wurden?"" Welche der folgenden Aussagen ist eine Nullhypothese für einen statistischen Test, der zur Beantwortung der Forschungsfrage entwickelt wurde?",NA,"Es gibt keinen Unterschied zwischen Männern und Frauen in Bezug auf die Anzahl der Übernachtungen an einem Ort, der nicht für Wohnzwecke vorgesehen ist.",Es gibt einen Unterschied zwischen Männern und Frauen in Bezug auf die Anzahl der Übernachtungen an einem nicht für Wohnzwecke vorgesehenen Ort.,Es gibt keinen Unterschied zwischen Männern und Frauen in Bezug auf die durchschnittliche Zahl der Übernachtungen an einem nicht für Wohnzwecke vorgesehenen Ort.,"Es gibt einen Unterschied zwischen Männern und Frauen in Bezug auf die durchschnittliche Anzahl der Übernachtungen an einem Ort, der nicht für Wohnzwecke vorgesehen ist.",NA,Frage überspringen.,3,text,text,Falsch. Der Teufel steckt im Detail. Es geht um die durchschnittliche Anzahl der Übernachtungen und nicht die absolute.,"Falsch. Diese Aussage ist zweierlei falsch. Einerseits ist hier eine Alternativhypothese formuliert. Dies erkennt man an der Formulierung „Es gibt einen Unterschied“. Zweitens wird hier von „Anzahl der Übernachtungen“ geredet, es geht aber explizit um die „durchschnittliche Anzahl der Übernachtungen“.",Richtig!,Falsch. Dies ist die entsprechende Alternativhypothese für die formulierte Forschungsfrage und lässt sich an der Formulierung „Es gibt einen Unterschied“ erkennen.,NA,Alles klar! Du hast die Aufgabe übersprungen.
22,Grundlagen der Inferenzstatistik,content,knowledge,easy,"Hunde haben einen sehr ausgeprägten Geruchssinn und wurden darauf trainiert, verschiedene Gegenstände zu erschnüffeln, um unterschiedliche Gerüche wahrzunehmen. In Japan wurde ein Experiment mit einem Hund durchgeführt, der darauf trainiert wurde, Darmkrebs in Stuhlproben zu riechen. In einem Test wurden dem Hund fünf Stuhlproben vorgelegt: eine von einem Krebspatienten und vier von gesunden Menschen. Der Hund zeigte an, welche Stuhlprobe von dem Krebspatienten stammte. Dies wurde insgesamt 38 Mal wiederholt. Von den 38 Tests identifizierte der Hund 37 Mal korrekt die Krebsprobe. Es wurde ein Hypothesentest durchgeführt, um festzustellen, ob dieses Ergebnis rein zufällig zustande gekommen sein könnte. Die Alternativhypothese lautet, dass der Hund den Krebs in mehr als einem Fünftel der Fälle richtig identifiziert. Der p-Wert ist kleiner als .001. Unter der Annahme, dass es sich um eine gut konzipierte Studie handelt, sollten Sie ein Signifikanzniveau von .05 verwenden, um eine Entscheidung zu treffen.",NA,"Verwerfen der Nullhypothese und Schlussfolgerung, dass der Hund in mehr als einem Fünftel der Fälle den Krebs richtig erkennt.","Es gibt genügend statistische Evidenz, um zu beweisen, dass der Hund Krebs in mehr als einem Fünftel der Fälle richtig erkennt.","Kein Verwerfen der Nullhypothese und Schlussfolgerung, dass es keine Evidenz dafür gibt, dass der Hund Krebs in mehr als einem Fünftel der Fälle richtig erkennt.",NA,NA,Frage überspringen.,1,text,text,"Richtig! Da der p-Wert kleiner als das vorgegebene Signifikanzniveau ist, kann die Nullhypothese verworfen werden.",Falsch. Hypothesentests können nichts beweisen.,"Falsch. Genau andersherum: Da der p-Wert kleiner als das vorgegebene Signifikanzniveau ist, kann die Nullhypothese verworfen werden.",NA,NA,Alles klar! Du hast die Aufgabe übersprungen.
23,Grundlagen der Inferenzstatistik,content,comprehension,easy,"Es wurde festgestellt, dass unter normalen Umweltbedingungen, erwachsener Forellenbarsch im Silbersee eine durchschnittliche Länge von 12,3 Zoll mit einer Standardabweichung von 3 Zoll haben. Personen, die seit einiger Zeit im Silver Lake angeln, behaupten, dass sie in diesem Jahr kleinere Forellen fangen als sonst. Eine Forschungsgruppe des Ministeriums für natürliche Ressourcen hat eine Stichprobe erwachsener Forellenbarsche aus dem Silver Lake entnommen. Welche der folgenden Aussagen liefert die stärkste Evidenz für die Behauptung, dass sie in diesem Jahr kleinere Forellen als die durchschnittliche Länge (12,3 Zoll) fangen?",NA,"Eine Zufallsstichprobe mit einem Stichprobenumfang von 100 und einem Stichprobenmittelwert von 12,1.","Eine Zufallsstichprobe mit einem Stichprobenumfang von 36 und einem Stichprobenmittelwert von 11,5.","Eine Zufallsstichprobe mit einem Stichprobenumfang von 100 und einem Stichprobenmittelwert von 11,5.","Eine Zufallsstichprobe mit einem Stichprobenumfang von 36 und einem Stichprobenmittelwert von 12,1.",NA,Frage überspringen.,3,text,text,"Falsch. Ein Stichprobenumfang von 100 Forellen liefert zwar korrekterweise stärkere Evidenz als eine Stichprobe von 36 Forellen, jedoch wäre ein Mittelwert von 11,5 Zoll noch überzeugender als 12,1 Zoll.","Falsch. Diese Stichprobe weist zwar einen kleineren Mittelwert auf, könnte aber vom Umfang her größer sein.","Richtig! Im Vergleich zu den anderen Antwortmöglichkeiten liefert diese die stärkste Evidenz, da sie den größtmöglichsten Stichprobenumfang von 100 und den kleinsten Stichprobenwert von 11,5 beinhaltet.","Falsch. Diese Aussage würde die schwächste Evidenz liefern, da die Stichprobe recht klein ist und der Mittelwert von 21,1 Zoll näher am Vergleichsmittelwert von 21,3 Zoll liegt als 11,5 Zoll.",NA,Alles klar! Du hast die Aufgabe übersprungen.
24,Grundlagen der Inferenzstatistik,content,comprehension,medium,"Verbessern Nachhilfestunden die Ergebnisse von Hochschulzulassungstests? Da viele Schüler:innen beim zweiten Versuch auch ohne Nachhilfe besser abschnitten, wurde in einer Studie eine Zufallsstichprobe von 4.200 Schüler:innen untersucht, die zweimal am College-Zulassungstest teilnahmen. Von diesen nahmen 500 zwischen den beiden Versuchen am College-Zulassungstest an einem Nachhilfekurs teil. In der Studie wurde die durchschnittliche Verbesserung der Ergebnisse der Schüler:innen, die ein Coaching erhielten, mit der durchschnittlichen Verbesserung der Schüler:innen, die kein Coaching erhielten, verglichen. Das Ergebnis dieser Studie zeigte, dass die gecoachten Schüler:innen zwar einen größeren Zuwachs hatten, der Unterschied zwischen dem durchschnittlichen Zuwachs der gecoachten und der nicht gecoachten Schüler:innen jedoch statistisch nicht signifikant war. Was bedeutet das?",NA,"Der Anstieg der Testergebnisse könnte rein zufällig auftreten, selbst wenn die Nachhilfe keine Auswirkungen hat.","Der Anstieg der Testergebnisse macht keinen Unterschied bei der Aufnahme in eine Hochschule, da er statistisch nicht signifikant ist.","Die Studie war schlecht konzipiert, da die Anzahl der gecoachten und nicht gecoachten Schüler nicht gleich war.",NA,NA,Frage überspringen.,1,text,text,"Richtig! Der Unterschied war nicht signifikant, was im Umkehrschluss bedeutet, dass der p-Wert größer als .05 war. Der p-Wert beschreibt die Wahrscheinlichkeit, das beobachtete Ergebnis oder ein noch extremeres unter Gültigkeit der Null-Hypothese zu beobachten. Beträgt diese Wahrscheinlichkeit mehr als 5% (oder alternativ das angegebene Alpha-Niveau), verwerfen die Alternativhypothese und nehmen an, dass das beobachtete Ergebnis durch Zufall entstanden sein kann.","Falsch. Diese Aussage ist eine eigene Forschungsfrage, die man empirisch überprüfen müsste.","Falsch. Dies mag der Fall sein, lässt sich jedoch aus dem nicht signifikanten Ergebnis nicht ablesen.",NA,NA,Alles klar! Du hast die Aufgabe übersprungen.
25,Grundlagen der Inferenzstatistik,content,knowledge,easy,"Ein Forscher möchte wissen, ob es einen signifikanten Unterschied in der durchschnittlichen Anzahl der Fernsehstunden zwischen Männern und Frauen gibt. Nach dem Sammeln und Analysieren der Daten fand der Forscher heraus, dass der Unterschied in der durchschnittlichen Anzahl der Stunden zwischen den beiden Gruppen 4,37 Stunden/Woche betrug. Der Forscher führte einen Test durch, um zu überprüfen, ob dieser Unterschied in den Mittelwerten statistisch signifikant ist, und fand einen p-Wert von .001. Was wäre die richtige Schlussfolgerung, die der Forscher ziehen müsste?",NA,"Der Unterschied zwischen den Gruppen bei der durchschnittlichen Anzahl der Fernsehstunden ist zufällig, weil der p-Wert so klein ist.","Der Unterschied zwischen den Gruppen bei der durchschnittlichen Anzahl der Fernsehstunden ist statistisch nicht signifikant, weil der p-Wert zu klein ist.","Es gibt Hinweise auf einen Unterschied in der durchschnittlichen Anzahl der Fernsehstunden zwischen Männern und Frauen in der Bevölkerung, aber es ist möglich, dass es in Wirklichkeit keinen Unterschied gibt.","Es gibt keine eindeutigen Beweise für einen Unterschied in der durchschnittlichen Anzahl der Fernsehstunden zwischen Männern und Frauen in der Bevölkerung, aber es ist möglich, dass es in Wirklichkeit einen Unterschied gibt.",NA,Frage überspringen.,3,text,text,"Falsch. Der p-Wert beschreibt die Wahrscheinlichkeit, das beobachtete Ergebnis oder ein noch extremeres Ergebnis zu beobachten, unter der Annahme, dass es in Wirklichkeit keinen Unterschied gibt. In diesem Fall hier bedeutet ein p-Wert von .001, dass der beobachtete Unterschied zwischen Männern und Frauen oder ein noch größerer Unterschied zu beobachten, 0.1% beträgt, angenommen es gibt zwischen Männern und Frauen keinen Unterschied in der durchschnittlichen Anzahl der Fernsehstunden in der Bevölkerung. Sprich, je kleiner der p-Wert, desto unwahrscheinlicher das Ergebnis unter der Null-Hypothese (aber trotzdem möglich!).","Falsch. Statistische Signifikanz wird ermittelt, in dem der p-Wert eines Hypothesentests mit dem Alpha-Signifikanzniveau verglichen wird. Liegt der p-Wert darunter, wird das Ergebnis als signifikant eingestuft. Der p-Wert geht von 0 bis 1. Einen „zu kleinen“ p-Wert gibt es in Bezug auf statistische Signifikanz somit nicht. Des Weiteren würde man den hier beschriebenen p-Wert von .001 unter dem klassischen Signifikanzniveau von 5% in der Tat als signifikant einstufen.","Richtig! Der p-Wert beschreibt die Wahrscheinlichkeit, das beobachtete Ergebnis oder ein noch extremeres Ergebnis zu beobachten, unter der Annahme, dass es in Wirklichkeit keinen Unterschied gibt. In diesem Fall hier bedeutet ein p-Wert von .001, dass der beobachtete Unterschied zwischen Männern und Frauen oder ein noch größerer Unterschied zu beobachten, 0.1% beträgt, angenommen es gibt zwischen Männern und Frauen keinen Unterschied in der durchschnittlichen Anzahl der Fernsehstunden in der Bevölkerung. Sprich, je kleiner der p-Wert, desto unwahrscheinlicher das Ergebnis unter der Null-Hypothese (aber trotzdem möglich!).","Falsch. Der p-Wert beschreibt die Wahrscheinlichkeit, das beobachtete Ergebnis oder ein noch extremeres Ergebnis zu beobachten, unter der Annahme, dass es in Wirklichkeit keinen Unterschied gibt. In diesem Fall hier bedeutet ein p-Wert von .001, dass der beobachtete Unterschied zwischen Männern und Frauen oder ein noch größerer Unterschied zu beobachten, 0.1% beträgt, angenommen es gibt zwischen Männern und Frauen keinen Unterschied in der durchschnittlichen Anzahl der Fernsehstunden in der Bevölkerung. Sprich, je kleiner der p-Wert, desto unwahrscheinlicher das Ergebnis unter der Null-Hypothese (aber trotzdem möglich!).",NA,Alles klar! Du hast die Aufgabe übersprungen.
26,Grundlagen der Inferenzstatistik,content,knowledge,medium,"Ein Forschungsartikel berichtet über das Ergebnis einer neuen Arzneimittelstudie. Es wird angenommen, dass das Medikament den Sehkraftverlust bei Menschen mit Makuladegeneration wirksamer als die derzeitige Behandlung verringert. In dem Artikel wird im Analyseabschnitt ein p-Wert von .04 angegeben. Welche der folgenden Optionen stellt die richtige Interpretation dieses p-Wertes dar?",NA,"Daraus schließen wir, dass das neue Medikament nicht wirksam ist, weil es nur eine Wahrscheinlichkeit von .04 gibt, dass das Medikament wirksamer ist als die derzeitige Behandlung.","Daraus schließen wir, dass das neue Medikament wirksam ist, weil ein solches oder noch extremeres Ergebnis nur in 4 % der Fälle eintreten würde, wenn das Medikament nicht wirksam wäre.","Daraus schließen wir, dass das neue Medikament wirksam ist, weil die Wahrscheinlichkeit, dass es nicht wirksam ist, nur 4 % beträgt.","Daraus schließen wir, dass das neue Medikament nicht wirksam ist, weil der Unterschied im Anteil der Makuladegenerationspatientinnen mit Sehkraftverlust zwischen den beiden Behandlungen nur 0,04 beträgt.",NA,Frage überspringen.,2,text,text,"Falsch. Dies ist eine Fehlinterpretation des p-Werts. Der p-Wert beschreibt die Wahrscheinlichkeit, das beobachtete Ergebnis oder ein noch extremeres Ergebnis zu beobachten, unter der Annahme, dass es in Wirklichkeit keinen Unterschied gibt. Angenommen, das Medikament ist unwirksam, würde man ein solches oder noch extremeres Ergebnis nur in 4% der Studien beobachten.","Richtig! Der p-Wert beschreibt die Wahrscheinlichkeit, das beobachtete Ergebnis oder ein noch extremeres Ergebnis zu beobachten, unter der Annahme, dass es in Wirklichkeit keinen Unterschied gibt. Angenommen, das Medikament ist unwirksam, würde man ein solches oder noch extremeres Ergebnis nur in 4% der Studien beobachten.","Falsch. Dies ist eine Fehlinterpretation des p-Werts. Der p-Wert beschreibt die Wahrscheinlichkeit, das beobachtete Ergebnis oder ein noch extremeres Ergebnis zu beobachten, unter der Annahme, dass es in Wirklichkeit keinen Unterschied gibt. Angenommen, das Medikament ist unwirksam, würde man ein solches oder noch extremeres Ergebnis nur in 4% der Studien beobachten.","Falsch. Dies ist eine Fehlinterpretation des p-Werts. Der p-Wert beschreibt die Wahrscheinlichkeit, das beobachtete Ergebnis oder ein noch extremeres Ergebnis zu beobachten, unter der Annahme, dass es in Wirklichkeit keinen Unterschied gibt. Angenommen, das Medikament ist unwirksam, würde man ein solches oder noch extremeres Ergebnis nur in 4% der Studien beobachten.",NA,Alles klar! Du hast die Aufgabe übersprungen.
27,Grundlagen der Inferenzstatistik,content,application,medium,"Es wurden zwei Experimente durchgeführt, um die Auswirkungen von zwei verschiedenen Prüfungsvorbereitungsstrategien auf die Prüfungsergebnisse zu untersuchen. In jedem Experiment wurde die Hälfte der Probanden nach dem Zufallsprinzip der Strategie A und die andere Hälfte der Strategie B zugewiesen. Nach Abschluss der Prüfungsvorbereitung legten alle Probanden dieselbe Prüfung ab (die mit Punkten von 0 bis 100 bewertet wird). Die beiden unterschiedlichen Experimente wurden mit Studierenden durchgeführt, die in zwei verschiedenen Fachbereichen eingeschrieben waren: Psychologie und Soziologie. Die Boxplots der Prüfungsergebnisse der Psychologie Studierenden sind unten links dargestellt, die Boxplots der Soziologie Studierenden sind rechts dargestellt. In Psychologie wurden 25 Studierende zufällig der Strategie A und 25 Studierende zufällig der Strategie B zugewiesen. In Soziologie wurden jedoch 100 Studierende zufällig der Strategie A und 100 Studierende zufällig der Strategie B zugewiesen. Welches Experiment liefert den stärkeren Beweis für die Behauptung ""eine Strategie ist besser als die andere""? Und warum?",www/reali_item27_stimulus.png,"Psychologie, weil der Unterschied zwischen den Medianen im Psychologie-Experiment größer zu sein scheint als im Soziologie-Experiment.","Psychologie, weil es mehr Ausreißer bei Strategie B aus dem Psychologie-Experiment gibt, was darauf hinweist, dass Strategie B in diesem Kurs nicht erfolgreich war.","Soziologie, weil der Unterschied zwischen der maximalen und der minimalen Punktzahl im Soziologie-Experiment größer ist als im Psychologie-Experiment.","Soziologie, weil die Stichprobengröße im Soziologie-Experiment größer ist. Dies führt zu einer genaueren Schätzung des Unterschieds zwischen den Strategien.",NA,Frage überspringen.,4,image,text,"Falsch. Auch wenn der Unterschied zwischen den Medianen größer ist, so ist die Schätzung eben jener ungenauer durch die kleinere Stichprobengröße.",Falsch. Ausreißer liefern keine Evidenz über die Wirksamkeit einer Maßnahme.,"Falsch. Das mag an sich zwar stimmen, sagt aber nichts darüber aus, welches Experiment stärkere Evidenz liefert.",Richtig!,NA,Alles klar! Du hast die Aufgabe übersprungen.
28,Grundlagen der Inferenzstatistik,content,knowledge,easy,"Eine Ingenieurin entwirft eine neue Glühbirne. Die bisherige Glühbirne hatte eine durchschnittliche Lebensdauer von 1.200 Stunden. Die neue Glühbirne hat eine geschätzte Lebensdauer von 1.200,2 Stunden, basierend auf einer Stichprobe von 40.000 Glühbirnen. Obwohl der Unterschied recht gering war, war der mittlere Unterschied statistisch signifikant. Ein signifikantes Ergebnis bei einem so geringen Unterschied wäre möglich, weil:",NA,Der neue Entwurf wies eine größere Variabilität auf als der vorherige Entwurf.,Die Stichprobengröße für den neuen Entwurf ist sehr groß.,Der Mittelwert von 1.200 für das vorherige Design ist groß.,NA,NA,Frage überspringen.,2,text,text,Falsch. Dies würde eher für ein nicht-signifikantes Ergebnis sprechen.,"Richtig! Je größer die Stichprobe, desto mehr Power hat man, um auch kleine Effektgrößen auf Signifikanz zu testen. Ein signifikantes Ergebnis bedeutet dann, dass die längere Lebensdauer von 0,2 Stunden eine unwahrscheinliche (< .05) Auftretenswahrscheinlichkeit hat, wenn beide Glühbirnen in Wirklichkeit eine gleichlange Lebensdauer aufweisen. Es ist also davon auszugehen, dass die neue Glühbirne tatsächlich eine längere Lebensdauer hat – wenn auch nicht viel länger.","Falsch. Beim Testen von zwei Mittelwerten gegeneinander spielen die absoluten Werte keine Rolle, sondern nur die Differenz. In anderen Worten, für dieses Beispiel hier ist es irrelevant, ob die Glühbirnen durchschnittlich 1.200 und 1.200,2 Stunden oder 12 und 12,2 Stunden brennen.",NA,NA,Alles klar! Du hast die Aufgabe übersprungen.
29,Grundlagen der Inferenzstatistik,content,comprehension,easy,"Das Pew Forschungszentrum befragte 2013 2.076 zufällig ausgewählte erwachsene Handynutzer:innen. Der prozentuale Anteil der erwachsenen Handynutzer:innen, die über ihr Telefon auf das Internet zugreifen, lag bei 60 %. Das 95 %-Konfidenzintervall lag zwischen 58 % und 62 %. Was versucht dieses Intervall zu schätzen?",NA,"Die durchschnittliche Anzahl der erwachsenen Handynutzer:innen, die 2013 über ihr Telefon auf das Internet zugriffen.","Der Prozentsatz der 2.076 erwachsenen Handynutzer:innen, die 2013 über ihr Telefon auf das Internet zugriffen.","Der Prozentsatz aller erwachsenen Handynutzer:innen, die 2013 über ihr Telefon auf das Internet zugriffen.","Von den erwachsenen Handynutzer:innen, die über ihr Handy auf das Internet zugreifen, waren nur 58% bis 62% sicher im Umgang mit dem Internet über ihr Handy.",NA,Frage überspringen.,3,text,text,"Falsch. Es geht nicht um die (absolute) durchschnittliche Anzahl, sondern um den (relativen) Prozentsatz.","Falsch. Den Prozentsatz der Stichprobe (2.067 erwachsene Handynutzer:innen) können wir berechnen, den brauchen wir nicht zu schätzen. Anders als den Prozentsatz der Population, den müssen wir schätzen, zum Beispiel mit einem Konfidenzintervall.",Richtig!,"Falsch. Diese Information müsste man zusätzlich abfragen. Das Konfidenzintervall versucht, den Prozentsatz der Population zu schätzen.",NA,Alles klar! Du hast die Aufgabe übersprungen.
30,Grundlagen der Inferenzstatistik,content,comprehension,easy,"In einer kürzlich durchgeführten Studie über Vietnam-Veteranen haben die Forscher:innen eine Stichprobe von Veteranen randomisiert gezogen und sie gefragt, ob sie mindestens einmal geschieden gewesen seien. Sie berechneten ein 95 %-Konfidenzintervall für den Prozentsatz der Veteranen, die mindestens einmal geschieden waren (35 % bis 39 %). Welche der folgenden Aussagen über den Mittelpunkt des Intervalls (37 %) ist zutreffend?",NA,"Man kann sagen, dass 37 % der Veteranen in der Stichprobe mindestens einmal geschieden waren.","Man kann sagen, dass 37 % der Veteranen in der Bevölkerung mindestens einmal geschieden waren.","Man kann sagen, dass 95 % der Veteranen in der Stichprobe mindestens einmal geschieden waren.","Wir können sagen, dass 95 % der Veteranen in der Bevölkerung mindestens einmal geschieden waren.",NA,Frage überspringen.,1,text,text,Richtig! Der Mittelpunkt des Konfidenzintervalls beschreibt den Mittelwert der Stichprobe.,"Falsch. Der Mittelpunkt des Konfidenzintervalls beschreibt den Mittelwert der Stichprobe und ist lediglich ein Punktschätzer für den Populationsmittelwert. Die Unsicherheit der Schätzung wird durch das Konfidenzintervall beschrieben. Je schmaler das Konfidenzintervall, desto präziser die Schätzung des Punktschätzers.","Falsch. Der Mittelpunkt des Konfidenzintervalls beschreibt den Mittelwert der Stichprobe. Die Unsicherheit der Schätzung wird durch das Konfidenzintervall beschrieben. Dabei bedeuten die 95 %, dass wenn wir dieses Experiment 100 mal mit neuen Stichproben aus derselben Population wiederholen würden, der wahre Populationsmittelwert in 95 der 100 berechneten Konfidenzintervalle auch tatsächlich liegt.","Falsch. Der Mittelpunkt des Konfidenzintervalls beschreibt den Mittelwert der Stichprobe und ist lediglich ein Punktschätzer für den Populationsmittelwert. Die Unsicherheit der Schätzung wird durch das Konfidenzintervall beschrieben. Dabei bedeuten die 95 %, dass wenn wir dieses Experiment 100 mal mit neuen Stichproben aus derselben Population wiederholen würden, der wahre Populationsmittelwert in 95 der 100 berechneten Konfidenzintervalle auch tatsächlich liegt.",NA,Alles klar! Du hast die Aufgabe übersprungen.
31,Grundlagen der Inferenzstatistik,content,comprehension,easy,"Überlegen Sie, welche Faktoren die Breite eines Konfidenzintervalls beeinflussen könnten. Ein Konfidenzintervall wird als horizontale Linie dargestellt. Der Stichprobenmittelwert wird durch einen durchgehenden Punkt in der Mitte des Konfidenzintervalls dargestellt. Stellen Sie sich vor, dass aus einer Grundgesamtheit von Tausenden von Testergebnissen zwei verschiedene Zufallsstichproben von Testergebnissen gezogen werden. Die erste Stichprobe umfasst 250 Testergebnisse und die zweite Stichprobe umfasst 50 Testergebnisse. Für jede der beiden Stichproben wird ein 95%-Konfidenzintervall für den Mittelwert der Grundgesamtheit konstruiert. 

Welcher der beiden Sätze von Konfidenzintervallen (unten) entspricht den beiden Konfidenzintervallen, die konstruiert werden würden?",NA,www/reali_item31_answeropt1.png,www/reali_item31_answeropt2.png,www/reali_item31_answeropt3.png,NA,NA,www/skip.png,3,text,image,"Falsch. Während der Mittelpunkt des Konfidenzintervalls den Mittelwert der Stichprobe und somit den Punktschätzer der Population beschreibt, beschreibt das Konfidenzintervall die Präzision der Schätzung des Punktschätzers. Dabei wird diese Schätzung genauer (sprich präziser), je mehr Information zur Schätzung hinzugegeben wird (hier in Form von Teilnehmenden). Je präziser das Konfidenzintervall, desto kleiner ist es. Da hier beide Stichproben aus derselben Grundgesamtheit gezogen wurden, muss die größere Stichprobe ein kleineres Konfidenzintervall aufweisen.","Falsch. Während der Mittelpunkt des Konfidenzintervalls den Mittelwert der Stichprobe und somit den Punktschätzer der Population beschreibt, beschreibt das Konfidenzintervall die Präzision der Schätzung des Punktschätzers. Dabei wird diese Schätzung genauer (sprich präziser), je mehr Information zur Schätzung hinzugegeben wird (hier in Form von Teilnehmenden). Je präziser das Konfidenzintervall, desto kleiner ist es. Da hier beide Stichproben aus derselben Grundgesamtheit gezogen wurden, muss die größere Stichprobe ein kleineres Konfidenzintervall aufweisen.","Richtig! Während der Mittelpunkt des Konfidenzintervalls den Mittelwert der Stichprobe und somit den Punktschätzer der Population beschreibt, beschreibt das Konfidenzintervall die Präzision der Schätzung des Punktschätzers. Dabei wird diese Schätzung genauer (sprich präziser), je mehr Information zur Schätzung hinzugegeben wird (hier in Form von Teilnehmenden). Je präziser das Konfidenzintervall, desto kleiner ist es. Da hier beide Stichproben aus derselben Grundgesamtheit gezogen wurden, muss die größere Stichprobe ein kleineres Konfidenzintervall aufweisen.",NA,NA,Alles klar! Du hast die Aufgabe übersprungen.
32,Grundlagen der Inferenzstatistik,content,comprehension,easy,"Eine Bürgerumfrage ergab, dass 1974 64,5 % der Erwachsenen in einem bestimmten US-Bundesstaat die Todesstrafe befürworteten, während dieser Prozentsatz 2006 bei 68,5 % lag. Um festzustellen, ob die Befürwortung der Todesstrafe zugenommen hat, beträgt der p-Wert für einen Test auf Unterschiede in den Anteilen .011. Welche der folgenden Diagrammlinien (A, B, C oder D) stellt ein plausibles 95%-Konfidenzintervall für den Unterschied im Anteil der Personen dar, die die Todesstrafe zwischen 1974 und 2006 befürworten?",www/reali_item32_stimulus.png,A,B,C,D,NA,Frage überspringen.,4,image,text,"Falsch. In der Abbildung ist die Differenz der Umfrageergebnisse von 2006 (68,5%) und 1974 (64,5%) abgebildet, was einem Mittelwert von 4 entspricht. In dieser Abbildung liegt der Mittelwert jedoch auf 0. Darüber hinaus ist der p-Wert mit .011 kleiner als .05, somit ist er signifikant auf einem Alphaniveau von 5%. Ein 95%-Konfidenzintervall eines signifikanten Ergebnisses auf 5%-Niveau beinhaltet nicht den Wert 0, was hier jedoch der Fall ist.","In der Abbildung ist die Differenz der Umfrageergebnisse von 2006 (68,5%) und 1974 (64,5%) abgebildet, was einem Mittelwert von 4 entspricht. In dieser Abbildung liegt der Mittelwert jedoch auf 0. Darüber hinaus ist der p-Wert mit .011 kleiner als .05, somit ist er signifikant auf einem Alphaniveau von 5%. Ein 95%-Konfidenzintervall eines signifikanten Ergebnisses auf 5%-Niveau beinhaltet nicht den Wert 0, was hier jedoch der Fall ist.","In der Abbildung ist die Differenz der Umfrageergebnisse von 2006 (68,5%) und 1974 (64,5%) abgebildet, was einem Mittelwert von 4 entspricht. Der p-Wert ist mit .011 kleiner als .05, somit ist er signifikant auf einem Alphaniveau von 5%. Ein 95%-Konfidenzintervall eines signifikanten Ergebnisses auf 5%-Niveau beinhaltet nicht den Wert 0, was hier jedoch der Fall ist.","Richtig! In der Abbildung ist die Differenz der Umfrageergebnisse von 2006 (68,5%) und 1974 (64,5%) abgebildet, was einem Mittelwert von 4 entspricht.. Der p-Wert ist mit .011 kleiner als .05, somit ist er signifikant auf einem Alphaniveau von 5%. Ein 95%-Konfidenzintervall eines signifikanten Ergebnisses auf 5%-Niveau beinhaltet nicht den Wert 0.",NA,Alles klar! Du hast die Aufgabe übersprungen.
35,Wahrscheinlichkeit,content,comprehension,easy,"Eine Spielzeugfirma hat einen kleinen Plastikhund entwickelt, der in die Luft geworfen werden kann. Er kann entweder mit allen vier Füßen auf dem Boden, auf dem Rücken, auf der rechten oder auf der linken Seite liegend landen. Das Unternehmen kennt jedoch nicht die Wahrscheinlichkeit für jedes dieser Ergebnisse. Welche der folgenden Methoden ist am besten geeignet, um die Wahrscheinlichkeit der einzelnen Ergebnisse zu schätzen?",NA,"Da es vier mögliche Ergebnisse gibt, ordnen Sie jedem Ergebnis eine Wahrscheinlichkeit von 1/4 zu.","Werfen Sie den Plastikhund viele Male und sehen Sie, wie viel Prozent der Zeit jedes Ergebnis eintritt.","Simulieren Sie die Daten mit einem Modell, das vier gleich wahrscheinliche Ergebnisse hat.",NA,NA,Frage überspringen.,2,text,text,Falsch. Die Wahrscheinlichkeiten sollen herausgefunden werden und nicht a priori festgelegt werden.,"Richtig! Die Wahrscheinlichkeiten sind unbekannt, deshalb werfen wir den Hund viele Male, um daraus eine Verteilung der Ergebnisse darstellen zu können. Diese dient dann als Schätzer der Wahrscheinlichkeiten für die jeweiligen Seiten, auf denen der Hund landen kann.","Falsch. Die Wahrscheinlichkeiten sollen herausgefunden werden und nicht a priori festgelegt werden. Darüber hinaus kennen Sie die Antwort auf diese Frage bereits, das müssen Sie nicht simulieren ;)",NA,NA,Alles klar! Du hast die Aufgabe übersprungen.
36,Wahrscheinlichkeit,content,comprehension,easy,"Betrachten Sie den unten abgebildeten Kreisel mit den Buchstaben A bis D. Joan hat den Kreisel 10 Mal gedreht und jedes Mal den Buchstaben notiert, auf dem der Kreisel gelandet ist. Als sie sich die Ergebnisse ansah, stellte sie fest, dass der Buchstabe B bei 5 der 10 Drehungen auftauchte. Jetzt zweifelt sie an der Fairness des Kreisels, denn es scheint, als hätte sie zu viele Bs erhalten. Ein Statistiker möchte ein Wahrscheinlichkeitsmodell aufstellen, um zu untersuchen, wie oft das Ergebnis von 5 Bs von 10 Drehungen bei einem fairen Kreisel allein durch Zufall auftreten könnte. Welches ist das beste Wahrscheinlichkeitsmodell für den Statistiker?",www/reali_item36_stimulus.png,Die Wahrscheinlichkeit für jeden Buchstaben ist die gleiche - 1/4 für jeden Buchstaben.,Die Wahrscheinlichkeit für den Buchstaben B ist 1/2 und die anderen drei Buchstaben haben jeweils eine Wahrscheinlichkeit von 1/6.,"Die Wahrscheinlichkeit für Buchstabe B ist 1/2, und die Wahrscheinlichkeiten für die anderen Buchstaben summieren sich zu 1/2.",NA,NA,Frage überspringen.,1,image,text,"Richtig! Bei einem fairen Kreisel und einer Einteilung wie bei dem abgebildeten, tritt jeder Buchstabe im Mittel gleich häufig auf, also 1/4 für jeden Buchstaben","Falsch. Um herauszufinden, wie häufig 5 Bs bei 10 Drehungen bei einem fairen Kreisen auftreten können, benötigen wir das Wahrscheinlichkeitsmodell eines fairen Kreisels. Bei einem fairen Kreisel tritt jeder Buchstabe im Mittel gleich häufig auf, also 1/4 für jeden Buchstaben.","Falsch. Um herauszufinden, wie häufig 5 Bs bei 10 Drehungen bei einem fairen Kreisen auftreten können, benötigen wir das Wahrscheinlichkeitsmodell eines fairen Kreisels. Bei einem fairen Kreisel tritt jeder Buchstabe im Mittel gleich häufig auf, also 1/4 für jeden Buchstaben.",NA,NA,Alles klar! Du hast die Aufgabe übersprungen.
37,Zusammenhangsmaße,content,knowledge,easy,"Studien zeigen, dass Frauen mit zunehmendem Alter eine geringere Knochendichte aufweisen. Welches der folgenden Diagramme veranschaulicht diesen Punkt?",NA,www/reali_item37_answeropt1.png,www/reali_item37_answeropt2.png,www/reali_item37_answeropt3.png,NA,NA,www/skip.png,1,text,image,"Richtig! Die Daten in der Abbildung zeigen einen negativen Zusammenhang, sprich je höher das Alter, desto geringer die Knochendichte.","Falsch. Die Daten in der Abbildung zeigen einen positiven Zusammenhang, sprich eine höhere Knochendichte mit höherem Alter.",Falsch. Die Daten in der Abbildung zeigen keinen Zusammenhang zwischen Alter und Knochendichte.,NA,NA,Alles klar! Du hast die Aufgabe übersprungen.
38,Regression,content,application,easy,"Eine Statistikstudentin sammelte Daten über eine große Anzahl von Autos eines bestimmten Modells, von Neuwagen bis hin zu Fahrzeugen, die bis zu 10 Jahre alt waren. Anhand der Daten über das Alter der Autos (in Jahren) und die Autopreise (in US-Dollar) konnte sie eine lineare Beziehung feststellen und die folgende Regressionsgleichung sowie die Darstellung der Regressionsgleichung berechnen (siehe unten). Ein Freund bat sie, den Preis eines 5 Jahre alten Modells dieses Autos mittels Regression vorherzusagen. Welche der folgenden Methoden kann für eine Schätzung verwendet werden?",www/reali_item38_stimulus.png,"Den Punkt auf der Linie suchen, der einem Alter von 5 Jahren entspricht, und Sie den entsprechenden Wert auf der y-Achse ablesen.",Ein Alter von 5 Jahren in die Gleichung einsetzen und nach “vorhergesagtem Preis” auflösen.,Beide Methoden sind korrekt.,Keine der beiden Methoden ist korrekt.,NA,Frage überspringen.,3,image,text,"Falsch. Die Methode ist zwar geeignet, die andere jedoch auch.","Falsch. Die Methode ist zwar geeignet, die andere jedoch auch.",Richtig!,Falsch. Beide Methoden sind geeignet.,NA,Alles klar! Du hast die Aufgabe übersprungen.
39,Regression,content,application,easy,"Am ersten Tag ihres Statistikkurses gab Dr. Andrew den Studierenden einen Vortest, um ihre statistischen Kenntnisse zu ermitteln. Am Ende des Kurses führte er mit den Studierenden genau denselben Test durch. Dr. Andrew erstellte das Streudiagramm (unten links) zwischen den Ergebnissen des Vortests und denen der Nachprüfung. Der ausgefüllte Punkt in der oberen rechten Ecke des Streudiagramms stellt die Ergebnisse von Nicola vor und nach dem Test dar. Es stellte sich heraus, dass Nicolas Pretest-Punktzahl tatsächlich 5 betrug (und nicht 100, wie zuvor angegeben), und ihre Posttest-Punktzahl war 100. Nicolas Ergebnisse wurden korrigiert und ein neues Streudiagramm wurde erstellt (unten rechts). Wie würden Sie die Stärke der Korrelation zwischen den Pretest- und Posttest-Ergebnissen für das neue Streudiagramm mit Nicolas tatsächlichen Ergebnissen (oben rechts) im Vergleich zur Stärke der Beziehung für das ursprüngliche Streudiagramm (oben links) einschätzen?",www/reali_item39_stimulus.png,Die neue Korrelation wäre schwächer als die ursprüngliche Korrelation.,Die neue Korrelation wäre stärker als die ursprüngliche Korrelation.,Die neue Korrelation hätte die gleiche Stärke wie die ursprüngliche Korrelation.,NA,NA,Frage überspringen.,1,image,text,"Richtig! In der ersten Abbildung lässt sich ein positiver Zusammenhang erkennen, das heißt, je besser der Score beim Pretest, desto besser auch der Score beim Posttest. In der korrigierten Version spricht Nicolas Datenpunkt jedoch dagegen, sie hatte einen niedrigen Pretest-Wert und hat den höchsten Posttest-Wert erreicht (lernen zahlt sich also doch noch aus ;) ). Dadurch ist der positive Zusammenhang schwächer geworden.","Falsch. In der ersten Abbildung lässt sich ein positiver Zusammenhang erkennen, das heißt, je besser der Score beim Pretest, desto besser auch der Score beim Posttest. In der korrigierten Version spricht Nicolas Datenpunkt jedoch dagegen, sie hatte einen niedrigen Pretest-Wert und hat den höchsten Posttest-Wert erreicht (lernen zahlt sich also doch noch aus ;) ). Dadurch ist der positive Zusammenhang schwächer geworden.","Falsch. In der ersten Abbildung lässt sich ein positiver Zusammenhang erkennen, das heißt, je besser der Score beim Pretest, desto besser auch der Score beim Posttest. In der korrigierten Version spricht Nicolas Datenpunkt jedoch dagegen, sie hatte einen niedrigen Pretest-Wert und hat den höchsten Posttest-Wert erreicht (lernen zahlt sich also doch noch aus ;) ). Dadurch ist der positive Zusammenhang schwächer geworden.",NA,NA,Alles klar! Du hast die Aufgabe übersprungen.
40,Regression,content,application,medium,"Es wurde eine Zufallsstichprobe von 7 Haushalten gezogen, und es wurden Informationen über ihr Einkommen und ihre Ausgaben für Lebensmittel in diesem Jahr gesammelt. Unten ist ein Streudiagramm dieser Daten mit der eingefügten Regressionsgerade abgebildet: Die Regressionsgleichung für diese Daten hat einen Achsenabschnitt von 1,869 und eine Steigung von 0,202:
Vorhergesagte Ausgaben = 1,869 + 0,202 (Einkommen). Nach weiterer Analyse fanden die Forscher heraus, dass es sich bei Punkt 4 um Daten aus einem anderen Jahr handelte, und beschlossen, ihn auszuschließen. Was würde für die Regressionsgleichung gelten, nachdem Punkt 4 ausgeschlossen wurde?",www/reali_item40_stimulus.png,Sowohl der Achsenabschnitt als auch die Steigung werden größer.,Sowohl der Achsenabschnitt als auch die Steigung nehmen ab.,Der Achsenabschnitt wird kleiner und die Steigung wird größer.,Der Achsenabschnitt wird größer und die Steigung wird kleiner.,Sowohl der Achsenabschnitt als auch die Steigung bleiben gleich.,Frage überspringen.,4,image,text,"Falsch. Der Achsenabschnitt wird zwar größer, aber die Steigung wird kleiner. Punkt 4 lag über der Regressionsgeraden, was bedeutet, dass dieser Punkt die Regressionsgerade nach oben gezogen hat. Seine Entfernung wird daher zu einer kleineren Steigung führen.","Falsch. Die Steigung nimmt zwar korrekterweise ab, aber der Achsenabschnitt wird größer, denn je mehr die Steigung gegen 0 geht, desto stärker nähert sich der Achsenabschnitt dem Mittelwert der Datenpunkte der y-Achse an.","Falsch. Es ist genau andersherum, der Achsenabschnitt wird größer und die Steigung kleiner. Punkt 4 lag über der Regressionsgeraden, was bedeutet, dass dieser Punkt die Regressionsgerade nach oben gezogen hat. Seine Entfernung wird daher zu einer kleineren Steigung führen. Dadurch, dass die Steigung kleiner wird und sich Richtung 0 bewegt, nähert sich der Achsenabschnitt dem Mittelwert der Datenpunkte der y-Achse an.","Richtig! Punkt 4 lag über der Regressionsgeraden, was bedeutet, dass dieser Punkt die Regressionsgerade nach oben gezogen hat. Seine Entfernung wird daher zu einer kleineren Steigung führen. Dadurch, dass die Steigung kleiner wird und sich Richtung 0 bewegt, nähert sich der Achsenabschnitt dem Mittelwert der Datenpunkte der y-Achse an.","Falsch. Dies wäre der Fall gewesen, hätte Punkt 4 exakt auf der Regressionsgleichung gelegen. Da er dies nicht tut, wirkt sich der Datenpunkt (als auch das Entfernen dessen) auf Achsenabschnitt sowie auch Steigung aus.",Alles klar! Du hast die Aufgabe übersprungen.
41,Wahrscheinlichkeit,coding,application,easy,Welche der folgenden Aussagen beschreibt am besten die Verteilung der Variable „schlafqualitaet“ in unserem Datensatz?,NA,Gleichverteilung über die Werte 1 bis 5,Normalverteilung,Linksschief,Bimodale Verteilung,NA,Frage überspringen.,2,text,text,"Falsch. Auch wenn die Werte von 1 bis 5 gehen, sind sie nicht gleichverteilt. Gleichverteilt würde bedeuten, dass jeder Wert gleich häufig auftritt.","Richtig! Die Variable ist zwar ordinal skaliert, aber die Verteilung der 5 Werte folgt am ehesten einer Normalverteilung.",Falsch. Eine Schiefe ist in den Daten nicht erkennbar.,"Falsch. Eine bimodale Verteilung ist in den Daten nicht erkennbar, da es nur einen eindeutigen höchsten Wert gibt und die Werte herum stetig niedriger werden.",NA,Alles klar! Du hast die Aufgabe übersprungen.
42,Wahrscheinlichkeit,coding,application,easy,Welche der folgenden Aussagen beschreibt am besten die Verteilung der Variable „durchschnittsnote“?,NA,Eine linkssteile Verteilung.,Eine linksschiefe Verteilung.,Eine Normalverteilung.,Eine bimodale Verteilung.,NA,Frage überspringen.,1,text,text,Richtig! Die Verteilung ist linkssteil und rechtsschief.,"Falsch. Die Verteilung ist nicht linksschief, sondern rechtsschief.",Falsch. Dafür ist die Verteilung zu schief.,Falsch. Einen Hinweis auf Bimodalität gibt es nicht.,NA,Alles klar! Du hast die Aufgabe übersprungen.
43,Deskriptivstatistik,coding,comprehension,easy,50% der Teilnehmenden betreiben pro Woche mindestens ... Minuten Sport.,NA,76.5,77,105.12,106,NA,Frage überspringen.,1,text,text,Richtig! Dies ist der Median und somit die korrekte Antwort.,Falsch. 77 Minuten beinhaltet weniger als 50% der Teilnehmenden.,"Falsch. Dies ist der Mittelwert, nach dem nicht gefragt wurde.","Falsch. Dies ist der gerundete Mittelwert, nach dem nicht gefragt wurde.",NA,Alles klar! Du hast die Aufgabe übersprungen.
44,Deskriptivstatistik,coding,knowledge,easy,Was ist der Modus der Variable „alleineSchlafen“?,NA,Alleine,Mit Partner,Mit Kind,Mit Kind+Partner,NA,Frage überspringen.,1,text,text,Richtig!,Falsch.,Falsch.,Falsch.,NA,Alles klar! Du hast die Aufgabe übersprungen.
45,Deskriptivstatistik,coding,knowledge,easy,Was ist die empirische Standardabweichung der Variable „durchschnittsnote“?,NA,0.46700000000000003,0.46200000000000002,0.46500000000000002,0.46400000000000002,NA,Frage überspringen.,4,text,text,Falsch. Dies ist die geschätzte Populationsstandardabweichung.,Falsch. Hier fehlt die Wurzel bei der Korrektur.,"Falsch. Bei der Korrektur darf nicht die Länge des gesamten Datensatzes verwendet werden, sondern die Länge nach Ausschluss fehlender Werte.",Richtig!,NA,Alles klar! Du hast die Aufgabe übersprungen.
46,Poweranalyse,coding,application,medium,"Die erhobene Stichprobe war eine anfallende Stichprobe. Nun soll im Nachgang geschaut werden, für welche Effektstärken (Cohen's d für einen Zwei-Stichproben-t-Test und r für eine Korrelation) 90% Power bei einem Alpha-Niveau von 5% erreicht wurden.",NA,Cohen's d = 0.65 & r = 0.32,Cohen's d = 0.46 & r = 0.32,Cohen's d = 0.65 & r = 0.44,Cohen's d = 0.46 & r = 0.44,NA,Frage überspringen.,1,text,text,Richtig!,"Falsch. Hier wurde für den Zwei-Stichproben-t-Test ein n von 100 verwendet, dies würde jedoch einer Gesamtstichprobengröße von 200 entsprechen.","Falsch. Hier wurde für die Korrelation ein n von 50 verwendet, dies würde jedoch einer Gesamtstichprobengröße von 50 entsprechen.","Falsch. Hier wurde für den Zwei-Stichproben-t-Test ein n von 100 verwendet, dies würde jedoch einer Gesamtstichprobengröße von 200 entsprechen, wohingegen für die Korrelation ein n von 50 verwendet wurde, was einer Gesamtstichprobengröße von 50 entspricht.",NA,Alles klar! Du hast die Aufgabe übersprungen.
47,Gruppentests,coding,application,medium,"Teste die Hypothese, ob Menschen mit Schlafstörung einen kürzeren Schlaf haben als Menschen ohne Schlafstörung. Welches ist das korrekte Testergebnis?",NA,"t = 3.02, df = 98, p = .002","t = 3.13, df = 80.75, p = .001","t = 3.13, df = 80.75, p = .002","t = 3.02, df = 98, p = .003",NA,Frage überspringen.,1,text,text,Richtig!,"Falsch. Dies ist das Ergebnis eines Welch t-Tests, der eingesetzt wird, wenn Varianzhomogenität nicht gegeben ist.","Falsch. Dies ist das Ergebnis eines Welch t-Tests, der eingesetzt wird, wenn Varianzhomogenität nicht gegeben ist. Außerdem ist der Test zweiseitig, der nicht die gestellte Hypothese testet.",Falsch. Dies ist das Ergebnis einer zweiseitigen Testung und testet somit nicht die gestellte Hypothese.,NA,Alles klar! Du hast die Aufgabe übersprungen.
48,Zusammenhangsmaße,coding,application,easy,"Führe eine inferenzstatistische Überprüfung der Hypothese ""Je kürzer jemand schläft, desto höher ist das Wohlbefinden."" durch. Welches ist das korrekte Ergebnis?",NA,"r = .52, df = 98, p < .05","r = .55, df = 98, p < .05","r = .55, df = 98, p > .05","r = .52, df = 98, p > .05",NA,Frage überspringen.,4,text,text,Falsch. Dieser Test hat nicht die entsprechende Richtung der Hypothese geprüft.,"Falsch. Dieser Test prüfte eine Spearman-Rang-Korrelation, hier ist jedoch eine Pearson-Korrelation angemessen. Darüber hinaus hat der Test nicht die entsprechende Richtung der Hypothese geprüft.","Falsch. Dieser Test prüfte eine Spearman-Rang-Korrelation, hier ist jedoch eine Pearson-Korrelation angemessen.",Richtig!,NA,Alles klar! Du hast die Aufgabe übersprungen.
49,Grundlagen der Inferenzstatistik,coding,application,easy,"Eine Wissenschaftlerin merkt an, dass die Stichprobe verzerrt sein könnte, wenn nur Personen mit sehr guten Noten erhoben wurden. Dies wäre der Fall, wenn die Stichprobe eine mittlere Durchschnittsnote von 1.8 und besser aufweist. Überprüfe, ob die mittlere Durchschnittsnote der Stichprobe signifikant schlechter als 1.8 ist. Welches ist das entsprechende Ergebnis?",NA,"t = 37.61, df = 81, p < .001","t = 2.73, df = 81, p = .008","t = 2.73, df = 81, p = .004","t = 2.73, df = 81, p = .996",NA,Frage überspringen.,3,text,text,Falsch. Dieser Test prüfte nicht die entsprechende Richtung der aufgestellten Hypothese.,Falsch. Dieser Test beachtete nicht die Richtung der aufgestellten Hypothese.,Richtig!,Falsch. Dieser Test prüfte in die falsche Richtung.,NA,Alles klar! Du hast die Aufgabe übersprungen.
50,Grundlagen der Inferenzstatistik,coding,knowledge,easy,Welches der folgenden Intervalle ist das 99%-Konfidenzintervall für die durchschnittliche Schlafdauer?,NA,"[6.44, 6.91]","[6.40, 6.96]","[6.30, 7.05]","[5.53, 8.53]",NA,Frage überspringen.,3,text,text,Falsch. Dies ist das 90%-Konfidenzintervall.,Falsch. Dies ist das 95%-Konfidenzintervall.,Richtig!,Falsch.,NA,Alles klar! Du hast die Aufgabe übersprungen.
51,Wahrscheinlichkeit,coding,knowledge,medium,"Wie hoch ist die Wahrscheinlichkeit in Prozent, dass eine zufällig ausgewählte Person im Datensatz eine Schlafqualität von 4 oder 5 hat?",NA,7,15,22,42,NA,Frage überspringen.,3,text,text,Falsch. Dies ist die Wahrscheinlichkeit für Personen mit einer Schlafqualität von ausschließlich 5.,Falsch. Dies ist die Wahrscheinlichkeit für Personen mit einer Schlafqualität von ausschließlich 4.,Richtig!,Falsch. Dies ist die Wahrscheinlichkeit für Personen mit einer Schlafqualität von ausschließlich 3.,NA,Alles klar! Du hast die Aufgabe übersprungen.
52,Deskriptivstatistik,coding,knowledge,easy,"Wie viele Personen haben angegeben, nicht alleine zu schlafen und eine laute Schlafumgebung zu haben?",NA,50,19,84,38,NA,Frage überspringen.,2,text,text,"Falsch. Das sind alle Personen, die nicht alleine schlafen – unabhängig ihrer Schlafumgebung.",Richtig!,"Falsch. Das sind alle Personen, die in einer gemischten oder lauten Umgebung schlafen – unabhängig davon, ob sie alleine schlafen oder nicht.","Falsch. Das sind alle Personen, die in einer lauten Umgebung schlafen – unabhängig davon, ob sie alleine schlafen oder nicht.",NA,Alles klar! Du hast die Aufgabe übersprungen.
53,Zusammenhangsmaße,coding,application,easy,Welcher Zusammenhang beschreibt am besten die Beziehung zwischen den Variablen „sportlicheAktivitaet“ und „schlafqualitaet“?,NA,Positive Korrelation,Negative Korrelation,Keine Korrelation,U-förmige Beziehung,NA,Frage überspringen.,1,text,text,Richtig!,Falsch.,Falsch.,Falsch.,NA,Alles klar! Du hast die Aufgabe übersprungen.
54,Zusammenhangsmaße,coding,application,medium,"Nach Überprüfung der Normalverteilung der Variablen „schlafqualitaet“ und „sportlicheAktivitaet“, welches Korrelationsmaß ist angemessen und was ist dessen Wert?",NA,"Pearson-Korrelation, r = 0.58","Spearman-Rang-Korrelation, r = 0.52","Pearson-Korrelation, r = 0.52","Spearman-Rang-Korrelation, r = 0.58",NA,Frage überspringen.,2,text,text,"Falsch. Beide Variablen verletzen die Normalverteilungsannahme, weshalb eine Pearson-Korrelation nicht angebracht ist.",Richtig!,"Falsch. Der Korrelationskoeffizient stimmt zwar, aber eine Pearson-Korrelation ist aufgrund der Verletzung der Normalverteilungsannahme nicht angebracht.","Falsch. Spearman-Rang-Korrelation stimmt zwar, aber der Korrelationskoeffizient entstammt einer Pearson-Korrelation.",NA,Alles klar! Du hast die Aufgabe übersprungen.
55,Gruppenvergleiche,content,application,hard,"Ein Aspekt, der bei der Borderline-Persönlichkeitsstörung (BPS) zu erheblichem Leidensdruck führt, ist eine gestörte Affektregulation, die oft mit starken Schwankungen in den Affektzuständen der PatientInnen einhergeht.

Im Rahmen eines klinischen Trials zur Wirksamkeit der dialektisch-behavioralen Therapie (DBT) bei BPS wurde unter anderem untersucht, ob diese  in der Lage ist, diese Schwankungen im Affekt zu reduzieren. Dafür wurden Patient*innen randomisiert einer Kontrollgruppe ($$n_{TAU}$$ = 101), die Treatment as Usual (TAU) erhielt und der Treatmentgruppe ($$n_{DBT}$$ = 46) zugeordet und nach Abschluss der Therapie in beiden Gruppen ein Instrument zur Messung des Affektes erhoben. Die Ergebnisse einer vorher durchgeführten Pilotstudie ergaben bereits, dass die Schwankungen in den Affektzuständen in der DBT-Gruppe im Vergleich zur TAU-Gruppe um 30 Prozent verringert werden konnten. Nach der Pilotierungsstudie wurde die Intervention weiter optimiert. Man geht davon aus, dass der Effekt dieser neuen, verbesserten Intervention in der aktuellen Studie stärker sein wird als der in der Pilotstudie gefundene Effekt.

Die deskriptiven Kennwerte der Studie sind in folgender Tabelle dargestellt:

<table>
  <tr>
    <th>Gruppe</th>
    <th>M</th>
    <th>S<sup>2</sup></th>
  </tr>
  <tr>
    <td>DBT</td>
    <td>10.8</td>
    <td>4.9</td>
  </tr>
  <tr>
    <td>TAU</td>
    <td>15.1</td>
    <td>14.3</td>
  </tr>
</table>

Berechne eine geeignete Prüfgröße, um die Hypothese zu testen und runden sie das Ergebnis auf zwei Nachkommastellen.",NA,2.07,2.95,2.04,2.92,NA,"

Frage überspringen",1,"

text","

text","Richtig, seht gut! Du hast erkannt, dass es sich um einen F-Test handelt. Die Stichprobenstandardabweichungen hast du richtigerweise  in geschätzte Populationsvarianzen umgerechnet und dann bei der Teststatistik darauf geachtet, dass die H0 nicht $$\sigma^2_{\text{DBT}}/\sigma^2_{\text{TAU}}=1$$, sondern $$\sigma^2_{\text{DBT}}/\sigma^2_{\text{TAU}}=0.7$$ war. Hier nochmal ein möglicher Rechenweg:","Leider falsch. Du hast zwar erkannt, dass es sich um einen F-Test handelt und korrekterweise die Stichprobenvarianzen in geschätzten Populationsvarianzen umgerechnet. Allerdings hast du nicht berücksichtigt, dass die H0 nicht $$\sigma^2_{\text{DBT}}/\sigma^2_{\text{TAU}}=1$$, sondern $$\sigma^2_{\text{DBT}}/\sigma^2_{\text{TAU}}=0.7$$ war. Dies war in der Aufgabe, durch die 30% Reduktion der Variabilität der DBT-Gruppe im Vergleich zur TAU-Gruppe impliziert.","Leider falsch. Du hast hast zwar erkannt, dass es sich um einen F-Test handelt und hast korrekterweise nicht die Nullhypothese nicht $\sigma^2_{\text{DBT}}/\sigma^2_{\text{TAU}}=1$, sondern $\sigma^2_{\text{DBT}}/\sigma^2_{\text{TAU}}=0.7$ getestet. Allerdings hast du nicht berücksichtigt, dass die Stichprobenvarianzen für die Teststatistik noch in geschätzte Populationsvarianzen umgerechnet werden müssen.","Leider falsch. Du hast zwar erkannt, dass es sich um einen F-Test handelt, hast jedoch an zwei Stellen einen Fehler gemacht. Erstens musst statt der angegeben Stichprobenvarianzen diese in geschätzte Populationsvarianzen umrechnen. Zweitens war nicht nach der Nullhypothese  $\sigma^2_{\text{DBT}}/\sigma^2_{\text{TAU}}=1$, sondern $\sigma^2_{\text{DBT}}/\sigma^2_{\text{TAU}}=0.7$ in der Aufgabenstellung gefragt. Dies war in der Aufgabe, durch die 30% Reduktion der Variabilität der DBT-Gruppe im Vergleich zur TAU-Gruppe impliziert.",NA,"

Alles klar! Du hast die Aufgabe übersprungen."
